episode_id,time,agent_id,observation_shape,selected_action,target_node,reward_received
0,1,0,[7],4,20,-0.0
0,1,1,[7],0,1,-0.0
0,1,2,[7],1,7,-0.0
0,1,3,[7],1,8,-0.0
0,1,4,[7],3,19,-0.0
0,1,5,[7],2,10,-0.0
0,1,6,[7],0,6,-0.0
0,1,7,[7],3,17,-0.0
0,1,8,[7],4,20,-0.0
0,1,9,[7],3,19,-0.0
0,1,10,[7],3,15,-0.0
0,1,11,[7],4,20,-0.0
0,1,12,[7],2,7,-0.0
0,1,13,[7],0,13,-0.0
0,1,14,[7],1,4,-0.0
0,1,15,[7],2,5,-0.0
0,1,16,[7],4,20,-0.0
0,1,17,[7],1,2,-0.0
0,1,18,[7],2,8,-0.0
0,1,19,[7],0,19,-0.0
0,2,0,[7],4,20,-0.05000000074505806
0,2,1,[7],0,1,-0.0
0,2,2,[7],1,7,-0.0
0,2,3,[7],4,20,-0.0
0,2,4,[7],3,19,-0.0
0,2,5,[7],2,10,-0.0
0,2,6,[7],3,16,-0.0
0,2,7,[7],2,12,-0.0
0,2,8,[7],3,18,-0.0
0,2,9,[7],3,19,-0.0
0,2,10,[7],4,20,-0.0
0,2,11,[7],3,16,-0.0
0,2,12,[7],3,17,-0.0
0,2,13,[7],3,18,-0.0
0,2,14,[7],1,4,-0.0
0,2,15,[7],4,20,-0.0
0,2,16,[7],2,6,-0.0
0,2,17,[7],3,12,-0.0
0,2,18,[7],0,18,-0.0
0,2,19,[7],1,4,-0.0
0,3,0,[7],3,15,-0.0
0,3,1,[7],1,6,-0.07500000298023224
0,3,2,[7],4,20,-0.0
0,3,3,[7],3,18,-0.0
0,3,4,[7],0,4,-0.0
0,3,5,[7],1,0,-0.0
0,3,6,[7],3,16,-0.0
0,3,7,[7],4,20,-0.0
0,3,8,[7],0,8,-0.0
0,3,9,[7],2,14,-0.0
0,3,10,[7],1,0,-0.0
0,3,11,[7],0,11,-0.0
0,3,12,[7],4,20,-0.0
0,3,13,[7],2,8,-0.07500000298023224
0,3,14,[7],3,19,-0.0
0,3,15,[7],2,5,-0.0
0,3,16,[7],4,20,-0.07500000298023224
0,3,17,[7],1,2,-0.0
0,3,18,[7],3,13,-0.05000000074505806
0,3,19,[7],4,20,-0.0
0,4,0,[7],1,5,-0.07500000298023224
0,4,1,[7],3,16,-0.0
0,4,2,[7],2,12,-0.0
0,4,3,[7],0,3,-0.0
0,4,4,[7],3,19,-0.0
0,4,5,[7],3,15,-0.0
0,4,6,[7],0,6,-0.0
0,4,7,[7],2,12,-0.0
0,4,8,[7],0,8,-0.0
0,4,9,[7],4,20,-0.0
0,4,10,[7],4,20,-0.0
0,4,11,[7],4,20,-0.0
0,4,12,[7],2,7,-0.0
0,4,13,[7],1,3,-0.0
0,4,14,[7],0,14,-0.0
0,4,15,[7],0,15,-0.0
0,4,16,[7],0,16,-0.0
0,4,17,[7],2,7,-0.0
0,4,18,[7],3,13,-0.0
0,4,19,[7],1,4,-0.0
0,5,0,[7],1,5,-0.0
0,5,1,[7],0,1,-0.0
0,5,2,[7],0,2,-0.0
0,5,3,[7],0,3,-0.0
0,5,4,[7],1,9,-0.07500000298023224
0,5,5,[7],4,20,-0.0
0,5,6,[7],0,6,-0.0
0,5,7,[7],0,7,-0.0
0,5,8,[7],4,20,-0.0
0,5,9,[7],1,4,-0.0
0,5,10,[7],0,10,-0.0
0,5,11,[7],2,6,-0.0
0,5,12,[7],3,17,-0.0
0,5,13,[7],0,13,-0.0
0,5,14,[7],1,4,-0.125
0,5,15,[7],2,5,-0.0
0,5,16,[7],4,20,-0.0
0,5,17,[7],1,2,-0.0
0,5,18,[7],2,8,-0.0
0,5,19,[7],0,19,-0.0
0,6,0,[7],2,10,-0.0
0,6,1,[7],2,11,-0.0
0,6,2,[7],0,2,-0.0
0,6,3,[7],0,3,-0.05000000074505806
0,6,4,[7],0,4,-0.0
0,6,5,[7],2,10,-0.15000000596046448
0,6,6,[7],1,1,-0.0
0,6,7,[7],1,2,-0.0
0,6,8,[7],2,13,-0.0
0,6,9,[7],3,19,-0.07500000298023224
0,6,10,[7],2,5,-0.15000000596046448
0,6,11,[7],3,16,-0.07500000298023224
0,6,12,[7],1,2,-0.0
0,6,13,[7],1,3,-0.05000000074505806
0,6,14,[7],4,20,-0.0
0,6,15,[7],1,0,-0.0
0,6,16,[7],2,6,-0.0
0,6,17,[7],1,2,-0.0
0,6,18,[7],3,13,-0.0
0,6,19,[7],2,9,-0.05000000074505806
0,7,0,[7],2,10,-0.0
0,7,1,[7],3,16,-0.07500000298023224
0,7,2,[7],1,7,-0.0
0,7,3,[7],0,3,-0.0
0,7,4,[7],2,14,-0.0
0,7,5,[7],0,5,-0.0
0,7,6,[7],0,6,-0.0
0,7,7,[7],3,17,-0.22499999403953552
0,7,8,[7],1,3,-0.0
0,7,9,[7],0,9,-0.0
0,7,10,[7],1,0,-0.15000000596046448
0,7,11,[7],2,6,-0.0
0,7,12,[7],0,12,-0.0
0,7,13,[7],3,18,-0.0
0,7,14,[7],0,14,-0.0
0,7,15,[7],3,10,-0.125
0,7,16,[7],4,20,-0.0
0,7,17,[7],0,17,-0.0
0,7,18,[7],1,3,-0.0
0,7,19,[7],3,14,-0.0
0,8,0,[7],4,20,-0.15000000596046448
0,8,1,[7],2,11,-0.0
0,8,2,[7],4,20,-0.07500000298023224
0,8,3,[7],2,13,-0.0
0,8,4,[7],3,19,-0.0
0,8,5,[7],2,10,-0.0
0,8,6,[7],4,20,-0.0
0,8,7,[7],1,2,-0.15000000596046448
0,8,8,[7],0,8,-0.0
0,8,9,[7],2,14,-0.25
0,8,10,[7],2,5,-0.0
0,8,11,[7],3,16,-0.0
0,8,12,[7],3,17,-0.0
0,8,13,[7],4,20,-0.125
0,8,14,[7],0,14,-0.0
0,8,15,[7],2,5,-0.0
0,8,16,[7],1,1,-0.0
0,8,17,[7],4,20,-0.0
0,8,18,[7],3,13,-0.20000000298023224
0,8,19,[7],3,14,-0.0
0,9,0,[7],3,15,-0.0
0,9,1,[7],2,11,-0.0
0,9,2,[7],2,12,-0.0
0,9,3,[7],1,8,-0.10000000149011612
0,9,4,[7],0,4,-0.20000000298023224
0,9,5,[7],0,5,-0.0
0,9,6,[7],4,20,-0.07500000298023224
0,9,7,[7],2,12,-0.0
0,9,8,[7],4,20,-0.32499998807907104
0,9,9,[7],0,9,-0.0
0,9,10,[7],2,5,-0.0
0,9,11,[7],1,1,-0.0
0,9,12,[7],3,17,-0.2750000059604645
0,9,13,[7],3,18,-0.0
0,9,14,[7],3,19,-0.0
0,9,15,[7],2,5,-0.0
0,9,16,[7],1,1,-0.0
0,9,17,[7],3,12,-0.07500000298023224
0,9,18,[7],2,8,-0.0
0,9,19,[7],4,20,-0.0
0,10,0,[7],4,20,-0.0
0,10,1,[7],0,1,-0.17499999701976776
0,10,2,[7],3,17,-0.0
0,10,3,[7],3,18,-1.0
0,10,4,[7],1,9,-0.15000000596046448
0,10,5,[7],0,5,-0.0
0,10,6,[7],3,16,-0.0
0,10,7,[7],3,17,-0.0
0,10,8,[7],0,8,-0.07500000298023224
0,10,9,[7],0,9,-0.0
0,10,10,[7],2,5,-0.0
0,10,11,[7],0,11,-0.0
0,10,12,[7],3,17,-0.0
0,10,13,[7],1,3,-0.0
0,10,14,[7],2,9,-0.30000001192092896
0,10,15,[7],3,10,-0.0
0,10,16,[7],0,16,-0.125
0,10,17,[7],4,20,-0.25
0,10,18,[7],4,20,-0.17499999701976776
0,10,19,[7],4,20,-0.17499999701976776
0,11,0,[7],2,10,-0.0
0,11,1,[7],0,1,-0.05000000074505806
0,11,2,[7],0,2,-0.0
0,11,3,[7],4,20,-0.125
0,11,4,[7],0,4,-0.07500000298023224
0,11,5,[7],2,10,-0.22499999403953552
0,11,6,[7],1,1,-0.22499999403953552
0,11,7,[7],2,12,-0.0
0,11,8,[7],4,20,-0.0
0,11,9,[7],2,14,-0.05000000074505806
0,11,10,[7],1,0,-0.0
0,11,11,[7],0,11,-0.0
0,11,12,[7],2,7,-0.0
0,11,13,[7],3,18,-0.0
0,11,14,[7],2,9,-0.0
0,11,15,[7],1,0,-0.125
0,11,16,[7],3,11,-0.125
0,11,17,[7],1,2,-0.05000000074505806
0,11,18,[7],2,8,-0.0
0,11,19,[7],3,14,-0.0
0,12,0,[7],3,15,-0.0
0,12,1,[7],0,1,-0.0
0,12,2,[7],3,17,-0.0
0,12,3,[7],0,3,-0.0
0,12,4,[7],4,20,-0.0
0,12,5,[7],2,10,-0.0
0,12,6,[7],0,6,-0.0
0,12,7,[7],0,7,-0.0
0,12,8,[7],2,13,-0.0
0,12,9,[7],3,19,-0.20000000298023224
0,12,10,[7],2,5,-1.0
0,12,11,[7],1,1,-0.0
0,12,12,[7],2,7,-0.0
0,12,13,[7],0,13,-0.0
0,12,14,[7],3,19,-0.0
0,12,15,[7],3,10,-0.0
0,12,16,[7],2,6,-0.07500000298023224
0,12,17,[7],1,2,-0.0
0,12,18,[7],2,8,-0.0
0,12,19,[7],3,14,-0.0
0,13,0,[7],3,15,-1.0
0,13,1,[7],0,1,-0.2750000059604645
0,13,2,[7],0,2,-0.0
0,13,3,[7],0,3,-0.0
0,13,4,[7],4,20,-0.0
0,13,5,[7],4,20,-1.0
0,13,6,[7],0,6,-0.05000000074505806
0,13,7,[7],2,12,-1.0499999523162842
0,13,8,[7],0,8,-0.0
0,13,9,[7],3,19,-0.0
0,13,10,[7],0,10,-0.0
0,13,11,[7],0,11,-0.22499999403953552
0,13,12,[7],2,7,-0.0
0,13,13,[7],2,8,-0.20000000298023224
0,13,14,[7],0,14,-0.125
0,13,15,[7],3,10,-0.0
0,13,16,[7],4,20,-0.0
0,13,17,[7],4,20,-0.0
0,13,18,[7],0,18,-0.0
0,13,19,[7],3,14,-0.0
0,14,0,[7],0,0,-1.0
0,14,1,[7],4,20,-0.0
0,14,2,[7],3,17,-0.0
0,14,3,[7],4,20,-0.07500000298023224
0,14,4,[7],3,19,-0.30000001192092896
0,14,5,[7],4,20,-0.0
0,14,6,[7],4,20,-0.125
0,14,7,[7],2,12,-0.0
0,14,8,[7],2,13,-0.0
0,14,9,[7],3,19,-0.0
0,14,10,[7],2,5,-0.0
0,14,11,[7],1,1,-0.0
0,14,12,[7],2,7,-0.22499999403953552
0,14,13,[7],3,18,-0.0
0,14,14,[7],4,20,-0.0
0,14,15,[7],3,10,-0.0
0,14,16,[7],1,1,-0.0
0,14,17,[7],4,20,-0.0
0,14,18,[7],4,20,-1.0
0,14,19,[7],0,19,-0.0
0,15,0,[7],3,15,-1.0499999523162842
0,15,1,[7],2,11,-0.10000000149011612
0,15,2,[7],3,17,-0.0
0,15,3,[7],3,18,-0.0
0,15,4,[7],0,4,-0.0
0,15,5,[7],2,10,-0.0
0,15,6,[7],2,11,-0.05000000074505806
0,15,7,[7],0,7,-0.0
0,15,8,[7],3,18,-0.0
0,15,9,[7],2,14,-0.0
0,15,10,[7],0,10,-0.0
0,15,11,[7],4,20,-1.0
0,15,12,[7],4,20,-0.0
0,15,13,[7],3,18,-0.22499999403953552
0,15,14,[7],4,20,-0.07500000298023224
0,15,15,[7],1,0,-0.0
0,15,16,[7],4,20,-0.20000000298023224
0,15,17,[7],2,7,-0.0
0,15,18,[7],1,3,-0.0
0,15,19,[7],3,14,-0.05000000074505806
0,16,0,[7],4,20,-0.0
0,16,1,[7],4,20,-1.0
0,16,2,[7],0,2,-0.0
0,16,3,[7],0,3,-0.20000000298023224
0,16,4,[7],2,14,-0.0
0,16,5,[7],3,15,-0.0
0,16,6,[7],1,1,-0.0
0,16,7,[7],4,20,-1.0
0,16,8,[7],2,13,-0.125
0,16,9,[7],3,19,-0.15000000596046448
0,16,10,[7],0,10,-1.0
0,16,11,[7],3,16,-1.0
0,16,12,[7],4,20,-0.0
0,16,13,[7],1,3,-0.0
0,16,14,[7],0,14,-0.22499999403953552
0,16,15,[7],3,10,-0.17499999701976776
0,16,16,[7],0,16,-0.0
0,16,17,[7],2,7,-0.0
0,16,18,[7],4,20,-0.0
0,16,19,[7],3,14,-0.0
0,17,0,[7],2,10,-0.0
0,17,1,[7],0,1,-0.125
0,17,2,[7],3,17,-0.0
0,17,3,[7],1,8,-0.0
0,17,4,[7],1,9,-0.125
0,17,5,[7],3,15,-1.0
0,17,6,[7],2,11,-0.0
0,17,7,[7],3,17,-1.0
0,17,8,[7],1,3,-0.0
0,17,9,[7],0,9,-0.0
0,17,10,[7],2,5,-0.0
0,17,11,[7],1,1,-1.0
0,17,12,[7],0,12,-1.0
0,17,13,[7],3,18,-1.0
0,17,14,[7],1,4,-0.0
0,17,15,[7],0,15,-0.0
0,17,16,[7],4,20,-0.0
0,17,17,[7],3,12,-0.0
0,17,18,[7],3,13,-1.0
0,17,19,[7],4,20,-1.0
0,18,0,[7],1,5,-1.0
0,18,1,[7],4,20,-1.0
0,18,2,[7],3,17,-0.25
0,18,3,[7],0,3,-0.07500000298023224
0,18,4,[7],2,14,-0.0
0,18,5,[7],0,5,-0.0
0,18,6,[7],0,6,-0.0
0,18,7,[7],3,17,-1.0
0,18,8,[7],0,8,-0.0
0,18,9,[7],1,4,-0.0
0,18,10,[7],1,0,-0.07500000298023224
0,18,11,[7],3,16,-1.0
0,18,12,[7],1,2,-0.0
0,18,13,[7],3,18,-0.0
0,18,14,[7],3,19,-0.07500000298023224
0,18,15,[7],0,15,-0.0
0,18,16,[7],4,20,-1.0750000476837158
0,18,17,[7],2,7,-0.3499999940395355
0,18,18,[7],3,13,-0.0
0,18,19,[7],1,4,-0.0
0,19,0,[7],0,0,-0.0
0,19,1,[7],1,6,-0.07500000298023224
0,19,2,[7],2,12,-0.0
0,19,3,[7],3,18,-1.0
0,19,4,[7],3,19,-0.0
0,19,5,[7],0,5,-0.0
0,19,6,[7],1,1,-0.0
0,19,7,[7],4,20,-0.0
0,19,8,[7],4,20,-0.15000000596046448
0,19,9,[7],4,20,-0.0
0,19,10,[7],3,15,-0.22499999403953552
0,19,11,[7],4,20,-0.0
0,19,12,[7],1,2,-1.0
0,19,13,[7],2,8,-0.0
0,19,14,[7],2,9,-0.0
0,19,15,[7],0,15,-0.07500000298023224
0,19,16,[7],4,20,-0.0
0,19,17,[7],1,2,-0.0
0,19,18,[7],1,3,-0.0
0,19,19,[7],3,14,-0.125
0,20,0,[7],4,20,-1.0499999523162842
0,20,1,[7],4,20,-0.07500000298023224
0,20,2,[7],2,12,-0.0
0,20,3,[7],1,8,-0.25
0,20,4,[7],2,14,-0.0
0,20,5,[7],4,20,-1.0750000476837158
0,20,6,[7],0,6,-0.07500000298023224
0,20,7,[7],0,7,-0.0
0,20,8,[7],2,13,-0.0
0,20,9,[7],4,20,-0.20000000298023224
0,20,10,[7],4,20,-0.0
0,20,11,[7],2,6,-0.0
0,20,12,[7],2,7,-1.0
0,20,13,[7],1,3,-1.0
0,20,14,[7],4,20,-0.0
0,20,15,[7],4,20,-0.0
0,20,16,[7],3,11,-1.0
0,20,17,[7],3,12,-0.0
0,20,18,[7],0,18,-0.0
0,20,19,[7],1,4,-0.0
0,21,0,[7],2,10,-0.0
0,21,1,[7],3,16,-0.0
0,21,2,[7],4,20,-0.0
0,21,3,[7],4,20,-0.0
0,21,4,[7],0,4,-0.0
0,21,5,[7],3,15,-1.0
0,21,6,[7],4,20,-0.0
0,21,7,[7],1,2,-0.0
0,21,8,[7],3,18,-0.0
0,21,9,[7],0,9,-0.0
0,21,10,[7],2,5,-1.0
0,21,11,[7],0,11,-1.0
0,21,12,[7],2,7,-1.0
0,21,13,[7],3,18,-0.0
0,21,14,[7],1,4,-0.0
0,21,15,[7],3,10,-0.22499999403953552
0,21,16,[7],3,11,-1.0
0,21,17,[7],3,12,-0.20000000298023224
0,21,18,[7],1,3,-0.0
0,21,19,[7],4,20,-0.0
0,22,0,[7],1,5,-0.0
0,22,1,[7],0,1,-0.0
0,22,2,[7],3,17,-0.0
0,22,3,[7],1,8,-0.0
0,22,4,[7],2,14,-0.05000000074505806
0,22,5,[7],3,15,-1.0
0,22,6,[7],3,16,-0.2750000059604645
0,22,7,[7],2,12,-0.0
0,22,8,[7],3,18,-0.17499999701976776
0,22,9,[7],0,9,-0.05000000074505806
0,22,10,[7],3,15,-0.0
0,22,11,[7],4,20,-0.0
0,22,12,[7],1,2,-0.0
0,22,13,[7],1,3,-1.0
0,22,14,[7],1,4,-0.0
0,22,15,[7],0,15,-0.10000000149011612
0,22,16,[7],0,16,-0.0
0,22,17,[7],2,7,-0.0
0,22,18,[7],4,20,-0.0
0,22,19,[7],4,20,-0.0
0,23,0,[7],3,15,-0.0
0,23,1,[7],2,11,-0.05000000074505806
0,23,2,[7],0,2,-0.22499999403953552
0,23,3,[7],3,18,-0.0
0,23,4,[7],4,20,-0.0
0,23,5,[7],1,0,-1.125
0,23,6,[7],1,1,-0.0
0,23,7,[7],0,7,-1.0
0,23,8,[7],1,3,-0.0
0,23,9,[7],3,19,-1.0
0,23,10,[7],0,10,-1.0
0,23,11,[7],0,11,-0.07500000298023224
0,23,12,[7],4,20,-1.0
0,23,13,[7],0,13,-1.0
0,23,14,[7],4,20,-0.0
0,23,15,[7],3,10,-0.0
0,23,16,[7],0,16,-0.17499999701976776
0,23,17,[7],3,12,-0.0
0,23,18,[7],0,18,-0.22499999403953552
0,23,19,[7],0,19,-0.0
0,24,0,[7],3,15,-1.225000023841858
0,24,1,[7],4,20,-0.0
0,24,2,[7],2,12,-0.0
0,24,3,[7],4,20,-0.20000000298023224
0,24,4,[7],2,14,-0.22499999403953552
0,24,5,[7],0,5,-1.0
0,24,6,[7],4,20,-0.0
0,24,7,[7],0,7,-0.22499999403953552
0,24,8,[7],1,3,-0.0
0,24,9,[7],1,4,-1.0750000476837158
0,24,10,[7],2,5,-0.05000000074505806
0,24,11,[7],2,6,-0.0
0,24,12,[7],3,17,-0.0
0,24,13,[7],0,13,-1.0
0,24,14,[7],0,14,-0.20000000298023224
0,24,15,[7],0,15,-0.0
0,24,16,[7],3,11,-0.0
0,24,17,[7],0,17,-0.22499999403953552
0,24,18,[7],0,18,-0.0
0,24,19,[7],4,20,-0.0
0,25,0,[7],2,10,-0.0
0,25,1,[7],1,6,-0.17499999701976776
0,25,2,[7],2,12,-0.0
0,25,3,[7],1,8,-0.0
0,25,4,[7],0,4,-0.0
0,25,5,[7],0,5,-1.0499999523162842
0,25,6,[7],2,11,-0.22499999403953552
0,25,7,[7],0,7,-0.0
0,25,8,[7],1,3,-0.125
0,25,9,[7],2,14,-1.0
0,25,10,[7],3,15,-0.0
0,25,11,[7],0,11,-1.0
0,25,12,[7],1,2,-1.0
0,25,13,[7],2,8,-1.0
0,25,14,[7],1,4,-0.0
0,25,15,[7],0,15,-0.0
0,25,16,[7],1,1,-0.25
0,25,17,[7],4,20,-0.0
0,25,18,[7],4,20,-0.07500000298023224
0,25,19,[7],0,19,-1.0750000476837158
0,26,0,[7],2,10,-0.0
0,26,1,[7],1,6,-0.0
0,26,2,[7],0,2,-0.0
0,26,3,[7],2,13,-0.0
0,26,4,[7],3,19,-1.0
0,26,5,[7],4,20,-0.0
0,26,6,[7],2,11,-0.0
0,26,7,[7],1,2,-1.0750000476837158
0,26,8,[7],3,18,-0.0
0,26,9,[7],3,19,-0.0
0,26,10,[7],2,5,-0.0
0,26,11,[7],1,1,-0.10000000149011612
0,26,12,[7],4,20,-0.0
0,26,13,[7],4,20,-1.0750000476837158
0,26,14,[7],0,14,-0.0
0,26,15,[7],3,10,-0.0
0,26,16,[7],2,6,-0.0
0,26,17,[7],0,17,-0.0
0,26,18,[7],2,8,-1.0
0,26,19,[7],2,9,-0.0
0,27,0,[7],4,20,-1.0
0,27,1,[7],1,6,-0.0
0,27,2,[7],4,20,-0.0
0,27,3,[7],0,3,-0.0
0,27,4,[7],1,9,-0.0
0,27,5,[7],2,10,-0.20000000298023224
0,27,6,[7],3,16,-0.0
0,27,7,[7],0,7,-1.0
0,27,8,[7],1,3,-0.0
0,27,9,[7],1,4,-0.20000000298023224
0,27,10,[7],2,5,-1.0
0,27,11,[7],4,20,-1.0
0,27,12,[7],0,12,-1.0
0,27,13,[7],4,20,-1.0
0,27,14,[7],3,19,-0.0
0,27,15,[7],2,5,-0.07500000298023224
0,27,16,[7],4,20,-0.0
0,27,17,[7],4,20,-1.0
0,27,18,[7],1,3,-1.0
0,27,19,[7],1,4,-1.0750000476837158
0,28,0,[7],4,20,-0.0
0,28,1,[7],3,16,-0.0
0,28,2,[7],1,7,-0.0
0,28,3,[7],1,8,-1.0499999523162842
0,28,4,[7],0,4,-1.0
0,28,5,[7],3,15,-0.0
0,28,6,[7],3,16,-0.15000000596046448
0,28,7,[7],4,20,-1.0
0,28,8,[7],0,8,-0.0
0,28,9,[7],2,14,-0.0
0,28,10,[7],1,0,-0.0
0,28,11,[7],0,11,-1.100000023841858
0,28,12,[7],0,12,-0.05000000074505806
0,28,13,[7],0,13,-0.0
0,28,14,[7],0,14,-1.0
0,28,15,[7],3,10,-0.20000000298023224
0,28,16,[7],4,20,-0.0
0,28,17,[7],2,7,-0.0
0,28,18,[7],1,3,-0.0
0,28,19,[7],1,4,-1.0
0,29,0,[7],3,15,-0.0
0,29,1,[7],1,6,-0.0
0,29,2,[7],1,7,-0.0
0,29,3,[7],4,20,-0.0
0,29,4,[7],2,14,-0.05000000074505806
0,29,5,[7],0,5,-0.0
0,29,6,[7],3,16,-0.0
0,29,7,[7],4,20,-0.0
0,29,8,[7],1,3,-0.0
0,29,9,[7],3,19,-0.0
0,29,10,[7],0,10,-0.0
0,29,11,[7],1,1,-1.0
0,29,12,[7],0,12,-0.0
0,29,13,[7],2,8,-0.05000000074505806
0,29,14,[7],3,19,-0.05000000074505806
0,29,15,[7],1,0,-0.0
0,29,16,[7],0,16,-1.0
0,29,17,[7],4,20,-0.0
0,29,18,[7],3,13,-0.0
0,29,19,[7],0,19,-0.0
0,30,0,[7],3,15,-1.0
0,30,1,[7],0,1,-0.20000000298023224
0,30,2,[7],0,2,-0.0
0,30,3,[7],3,18,-1.0
0,30,4,[7],1,9,-0.0
0,30,5,[7],0,5,-1.0499999523162842
0,30,6,[7],3,16,-0.0
0,30,7,[7],0,7,-1.0
0,30,8,[7],0,8,-0.07500000298023224
0,30,9,[7],2,14,-0.0
0,30,10,[7],4,20,-0.0
0,30,11,[7],3,16,-0.0
0,30,12,[7],2,7,-0.0
0,30,13,[7],3,18,-0.0
0,30,14,[7],4,20,-0.20000000298023224
0,30,15,[7],2,5,-0.0
0,30,16,[7],3,11,-1.0499999523162842
0,30,17,[7],0,17,-1.0
0,30,18,[7],0,18,-0.0
0,30,19,[7],4,20,-1.0
0,31,0,[7],3,15,-1.0
0,31,1,[7],1,6,-0.20000000298023224
0,31,2,[7],2,12,-0.125
0,31,3,[7],2,13,-1.0
0,31,4,[7],4,20,-1.0
0,31,5,[7],1,0,-1.0
0,31,6,[7],0,6,-0.0
0,31,7,[7],3,17,-1.0
0,31,8,[7],1,3,-1.0
0,31,9,[7],4,20,-0.0
0,31,10,[7],4,20,-0.0
0,31,11,[7],1,1,-1.0
0,31,12,[7],1,2,-0.32499998807907104
0,31,13,[7],1,3,-1.0
0,31,14,[7],3,19,-0.0
0,31,15,[7],3,10,-0.0
0,31,16,[7],4,20,-0.0
0,31,17,[7],4,20,-0.0
0,31,18,[7],3,13,-1.0
0,31,19,[7],0,19,-0.0
0,32,0,[7],2,10,-1.0
0,32,1,[7],3,16,-0.0
0,32,2,[7],0,2,-0.0
0,32,3,[7],1,8,-0.22499999403953552
0,32,4,[7],1,9,-0.0
0,32,5,[7],1,0,-0.0
0,32,6,[7],0,6,-0.0
0,32,7,[7],2,12,-0.07500000298023224
0,32,8,[7],0,8,-0.0
0,32,9,[7],1,4,-1.0
0,32,10,[7],3,15,-0.0
0,32,11,[7],4,20,-0.0
0,32,12,[7],1,2,-0.0
0,32,13,[7],3,18,-0.0
0,32,14,[7],4,20,-0.0
0,32,15,[7],2,5,-1.0
0,32,16,[7],2,6,-0.0
0,32,17,[7],4,20,-1.0
0,32,18,[7],1,3,-0.0
0,32,19,[7],2,9,-0.22499999403953552
0,33,0,[7],2,10,-0.0
0,33,1,[7],1,6,-0.0
0,33,2,[7],2,12,-0.0
0,33,3,[7],1,8,-0.0
0,33,4,[7],1,9,-0.0
0,33,5,[7],3,15,-0.10000000149011612
0,33,6,[7],0,6,-0.0
0,33,7,[7],4,20,-0.0
0,33,8,[7],3,18,-0.125
0,33,9,[7],0,9,-0.0
0,33,10,[7],2,5,-0.22499999403953552
0,33,11,[7],3,16,-1.0
0,33,12,[7],2,7,-0.0
0,33,13,[7],4,20,-0.0
0,33,14,[7],1,4,-0.22499999403953552
0,33,15,[7],1,0,-0.0
0,33,16,[7],4,20,-1.0
0,33,17,[7],2,7,-0.17499999701976776
0,33,18,[7],4,20,-0.20000000298023224
0,33,19,[7],2,9,-0.07500000298023224
0,34,0,[7],3,15,-1.0
0,34,1,[7],0,1,-0.0
0,34,2,[7],1,7,-0.0
0,34,3,[7],4,20,-0.0
0,34,4,[7],2,14,-0.0
0,34,5,[7],2,10,-0.0
0,34,6,[7],3,16,-1.0
0,34,7,[7],2,12,-0.0
0,34,8,[7],3,18,-0.0
0,34,9,[7],4,20,-0.0
0,34,10,[7],4,20,-0.0
0,34,11,[7],1,1,-0.0
0,34,12,[7],1,2,-0.0
0,34,13,[7],1,3,-0.0
0,34,14,[7],0,14,-0.0
0,34,15,[7],2,5,-0.0
0,34,16,[7],4,20,-1.0
0,34,17,[7],0,17,-0.0
0,34,18,[7],2,8,-0.0
0,34,19,[7],1,4,-0.0
0,35,0,[7],2,10,-1.0
0,35,1,[7],1,6,-0.0
0,35,2,[7],2,12,-0.0
0,35,3,[7],2,13,-1.0
0,35,4,[7],1,9,-1.0
0,35,5,[7],3,15,-0.0
0,35,6,[7],4,20,-1.0750000476837158
0,35,7,[7],4,20,-1.0
0,35,8,[7],3,18,-0.0
0,35,9,[7],4,20,-0.07500000298023224
0,35,10,[7],0,10,-0.0
0,35,11,[7],3,16,-1.0
0,35,12,[7],3,17,-0.15000000596046448
0,35,13,[7],2,8,-0.17499999701976776
0,35,14,[7],3,19,-0.0
0,35,15,[7],2,5,-0.22499999403953552
0,35,16,[7],4,20,-1.0
0,35,17,[7],3,12,-0.0
0,35,18,[7],0,18,-0.0
0,35,19,[7],2,9,-1.0
0,36,0,[7],4,20,-1.0
0,36,1,[7],3,16,-1.0750000476837158
0,36,2,[7],3,17,-0.20000000298023224
0,36,3,[7],2,13,-0.0
0,36,4,[7],2,14,-1.0
0,36,5,[7],1,0,-0.22499999403953552
0,36,6,[7],4,20,-1.0
0,36,7,[7],0,7,-0.22499999403953552
0,36,8,[7],3,18,-0.0
0,36,9,[7],1,4,-1.0
0,36,10,[7],1,0,-1.0
0,36,11,[7],3,16,-0.0
0,36,12,[7],0,12,-0.0
0,36,13,[7],3,18,-0.0
0,36,14,[7],1,4,-1.0750000476837158
0,36,15,[7],3,10,-0.0
0,36,16,[7],3,11,-1.0
0,36,17,[7],1,2,-0.0
0,36,18,[7],2,8,-0.05000000074505806
0,36,19,[7],3,14,-0.0
0,37,0,[7],3,15,-0.0
0,37,1,[7],1,6,-1.0
0,37,2,[7],2,12,-0.0
0,37,3,[7],0,3,-1.0
0,37,4,[7],3,19,-0.0
0,37,5,[7],2,10,-0.0
0,37,6,[7],3,16,-0.0
0,37,7,[7],1,2,-0.05000000074505806
0,37,8,[7],1,3,-0.0
0,37,9,[7],0,9,-1.0
0,37,10,[7],1,0,-0.0
0,37,11,[7],3,16,-0.0
0,37,12,[7],2,7,-0.05000000074505806
0,37,13,[7],3,18,-0.0
0,37,14,[7],1,4,-0.0
0,37,15,[7],2,5,-1.0
0,37,16,[7],4,20,-0.17499999701976776
0,37,17,[7],4,20,-0.0
0,37,18,[7],2,8,-0.0
0,37,19,[7],0,19,-0.0
0,38,0,[7],4,20,-0.0
0,38,1,[7],0,1,-0.0
0,38,2,[7],0,2,-0.0
0,38,3,[7],0,3,-1.0499999523162842
0,38,4,[7],0,4,-0.0
0,38,5,[7],1,0,-0.0
0,38,6,[7],1,1,-1.0
0,38,7,[7],2,12,-0.0
0,38,8,[7],1,3,-0.20000000298023224
0,38,9,[7],1,4,-1.0
0,38,10,[7],2,5,-0.0
0,38,11,[7],4,20,-0.0
0,38,12,[7],2,7,-0.0
0,38,13,[7],1,3,-0.17499999701976776
0,38,14,[7],0,14,-0.22499999403953552
0,38,15,[7],3,10,-0.0
0,38,16,[7],2,6,-0.125
0,38,17,[7],0,17,-0.0
0,38,18,[7],0,18,-1.0
0,38,19,[7],2,9,-0.0
0,39,0,[7],2,10,-0.0
0,39,1,[7],2,11,-0.0
0,39,2,[7],3,17,-0.2750000059604645
0,39,3,[7],1,8,-1.0
0,39,4,[7],1,9,-1.0
0,39,5,[7],2,10,-0.0
0,39,6,[7],4,20,-0.0
0,39,7,[7],3,17,-0.0
0,39,8,[7],2,13,-0.0
0,39,9,[7],1,4,-0.0
0,39,10,[7],0,10,-1.0
0,39,11,[7],0,11,-1.0
0,39,12,[7],4,20,-0.0
0,39,13,[7],0,13,-0.0
0,39,14,[7],3,19,-0.05000000074505806
0,39,15,[7],4,20,-0.0
0,39,16,[7],3,11,-0.0
0,39,17,[7],3,12,-0.0
0,39,18,[7],1,3,-0.0
0,39,19,[7],0,19,-0.15000000596046448
0,40,0,[7],2,10,-0.20000000298023224
0,40,1,[7],1,6,-0.0
0,40,2,[7],0,2,-0.0
0,40,3,[7],3,18,-1.0750000476837158
0,40,4,[7],2,14,-1.0
0,40,5,[7],2,10,-0.0
0,40,6,[7],3,16,-0.0
0,40,7,[7],3,17,-1.0
0,40,8,[7],2,13,-0.0
0,40,9,[7],1,4,-1.0
0,40,10,[7],4,20,-0.0
0,40,11,[7],2,6,-1.0499999523162842
0,40,12,[7],0,12,-0.22499999403953552
0,40,13,[7],1,3,-0.0
0,40,14,[7],4,20,-1.0
0,40,15,[7],4,20,-0.0
0,40,16,[7],0,16,-0.15000000596046448
0,40,17,[7],1,2,-0.2750000059604645
0,40,18,[7],1,3,-0.0
0,40,19,[7],3,14,-0.0
0,41,0,[7],3,15,-0.0
0,41,1,[7],0,1,-1.0
0,41,2,[7],4,20,-0.0
0,41,3,[7],2,13,-1.0
0,41,4,[7],1,9,-1.0
0,41,5,[7],3,15,-0.0
0,41,6,[7],0,6,-0.0
0,41,7,[7],2,12,-1.0
0,41,8,[7],0,8,-0.17499999701976776
0,41,9,[7],1,4,-1.0
0,41,10,[7],4,20,-0.0
0,41,11,[7],4,20,-0.0
0,41,12,[7],0,12,-0.0
0,41,13,[7],4,20,-0.0
0,41,14,[7],4,20,-1.0
0,41,15,[7],0,15,-0.0
0,41,16,[7],4,20,-0.0
0,41,17,[7],0,17,-0.0
0,41,18,[7],2,8,-1.0
0,41,19,[7],2,9,-0.07500000298023224
0,42,0,[7],2,10,-0.0
0,42,1,[7],1,6,-0.05000000074505806
0,42,2,[7],1,7,-1.0
0,42,3,[7],3,18,-1.0
0,42,4,[7],3,19,-1.0
0,42,5,[7],2,10,-0.20000000298023224
0,42,6,[7],3,16,-0.05000000074505806
0,42,7,[7],2,12,-0.0
0,42,8,[7],4,20,-0.05000000074505806
0,42,9,[7],3,19,-0.0
0,42,10,[7],4,20,-0.0
0,42,11,[7],1,1,-1.0
0,42,12,[7],0,12,-0.0
0,42,13,[7],4,20,-0.15000000596046448
0,42,14,[7],0,14,-1.0
0,42,15,[7],4,20,-0.0
0,42,16,[7],2,6,-0.07500000298023224
0,42,17,[7],0,17,-0.0
0,42,18,[7],1,3,-0.0
0,42,19,[7],4,20,-0.0
0,43,0,[7],1,5,-1.0
0,43,1,[7],3,16,-0.0
0,43,2,[7],4,20,-1.0
0,43,3,[7],0,3,-0.0
0,43,4,[7],3,19,-1.0
0,43,5,[7],0,5,-0.0
0,43,6,[7],1,1,-1.0
0,43,7,[7],0,7,-0.0
0,43,8,[7],0,8,-0.0
0,43,9,[7],1,4,-0.0
0,43,10,[7],1,0,-0.0
0,43,11,[7],2,6,-1.0
0,43,12,[7],1,2,-0.05000000074505806
0,43,13,[7],0,13,-0.0
0,43,14,[7],2,9,-0.0
0,43,15,[7],4,20,-1.0750000476837158
0,43,16,[7],0,16,-0.0
0,43,17,[7],4,20,-0.0
0,43,18,[7],1,3,-0.0
0,43,19,[7],3,14,-0.0
0,44,0,[7],2,10,-1.0
0,44,1,[7],2,11,-0.0
0,44,2,[7],2,12,-1.0
0,44,3,[7],0,3,-1.0
0,44,4,[7],3,19,-1.0
0,44,5,[7],3,15,-0.20000000298023224
0,44,6,[7],1,1,-1.0
0,44,7,[7],0,7,-0.0
0,44,8,[7],2,13,-0.17499999701976776
0,44,9,[7],1,4,-0.0
0,44,10,[7],4,20,-0.32499998807907104
0,44,11,[7],3,16,-0.0
0,44,12,[7],4,20,-1.0
0,44,13,[7],1,3,-0.05000000074505806
0,44,14,[7],1,4,-1.0
0,44,15,[7],3,10,-1.0
0,44,16,[7],2,6,-0.0
0,44,17,[7],2,7,-0.0
0,44,18,[7],2,8,-0.0
0,44,19,[7],0,19,-1.0
0,45,0,[7],2,10,-1.0
0,45,1,[7],1,6,-0.0
0,45,2,[7],0,2,-1.0
0,45,3,[7],0,3,-1.0750000476837158
0,45,4,[7],4,20,-0.0
0,45,5,[7],3,15,-0.0
0,45,6,[7],4,20,-0.0
0,45,7,[7],0,7,-0.07500000298023224
0,45,8,[7],4,20,-0.07500000298023224
0,45,9,[7],3,19,-0.15000000596046448
0,45,10,[7],4,20,-0.10000000149011612
0,45,11,[7],0,11,-1.0
0,45,12,[7],2,7,-0.0
0,45,13,[7],2,8,-0.0
0,45,14,[7],1,4,-0.0
0,45,15,[7],0,15,-0.17499999701976776
0,45,16,[7],2,6,-1.0750000476837158
0,45,17,[7],1,2,-1.0
0,45,18,[7],0,18,-0.0
0,45,19,[7],3,14,-1.0499999523162842
0,46,0,[7],4,20,-0.0
0,46,1,[7],3,16,-1.0
0,46,2,[7],0,2,-0.0
0,46,3,[7],1,8,-0.0
0,46,4,[7],4,20,-0.0
0,46,5,[7],4,20,-0.0
0,46,6,[7],1,1,-0.0
0,46,7,[7],1,2,-1.0
0,46,8,[7],1,3,-0.0
0,46,9,[7],3,19,-0.0
0,46,10,[7],0,10,-0.05000000074505806
0,46,11,[7],3,16,-1.0
0,46,12,[7],1,2,-0.22499999403953552
0,46,13,[7],0,13,-0.0
0,46,14,[7],4,20,-0.0
0,46,15,[7],0,15,-0.05000000074505806
0,46,16,[7],3,11,-1.0
0,46,17,[7],1,2,-0.0
0,46,18,[7],0,18,-0.0
0,46,19,[7],4,20,-0.0
0,47,0,[7],0,0,-0.0
0,47,1,[7],1,6,-0.0
0,47,2,[7],2,12,-0.07500000298023224
0,47,3,[7],2,13,-0.0
0,47,4,[7],1,9,-0.0
0,47,5,[7],2,10,-0.17499999701976776
0,47,6,[7],0,6,-0.0
0,47,7,[7],1,2,-1.0
0,47,8,[7],1,3,-0.22499999403953552
0,47,9,[7],0,9,-0.0
0,47,10,[7],3,15,-0.0
0,47,11,[7],0,11,-1.0750000476837158
0,47,12,[7],4,20,-0.22499999403953552
0,47,13,[7],3,18,-0.05000000074505806
0,47,14,[7],2,9,-0.0
0,47,15,[7],1,0,-0.20000000298023224
0,47,16,[7],3,11,-1.0
0,47,17,[7],3,12,-0.0
0,47,18,[7],4,20,-0.07500000298023224
0,47,19,[7],1,4,-0.0
0,48,0,[7],0,0,-1.0499999523162842
0,48,1,[7],0,1,-1.0
0,48,2,[7],2,12,-1.0
0,48,3,[7],1,8,-0.125
0,48,4,[7],0,4,-1.0
0,48,5,[7],2,10,-0.0
0,48,6,[7],3,16,-0.0
0,48,7,[7],0,7,-1.125
0,48,8,[7],2,13,-0.17499999701976776
0,48,9,[7],3,19,-0.05000000074505806
0,48,10,[7],3,15,-0.0
0,48,11,[7],2,6,-0.0
0,48,12,[7],2,7,-0.0
0,48,13,[7],3,18,-0.0
0,48,14,[7],0,14,-1.0
0,48,15,[7],2,5,-0.17499999701976776
0,48,16,[7],4,20,-0.0
0,48,17,[7],3,12,-1.0
0,48,18,[7],2,8,-0.0
0,48,19,[7],4,20,-0.0
0,49,0,[7],1,5,-0.0
0,49,1,[7],3,16,-1.0499999523162842
0,49,2,[7],0,2,-0.32499998807907104
0,49,3,[7],1,8,-0.0
0,49,4,[7],4,20,-1.0
0,49,5,[7],0,5,-0.0
0,49,6,[7],0,6,-0.0
0,49,7,[7],1,2,-0.0
0,49,8,[7],0,8,-0.0
0,49,9,[7],1,4,-0.0
0,49,10,[7],0,10,-0.0
0,49,11,[7],3,16,-1.0
0,49,12,[7],0,12,-0.0
0,49,13,[7],0,13,-1.0
0,49,14,[7],3,19,-0.05000000074505806
0,49,15,[7],0,15,-0.0
0,49,16,[7],0,16,-0.22499999403953552
0,49,17,[7],4,20,-1.0
0,49,18,[7],2,8,-1.0
0,49,19,[7],2,9,-0.0
0,50,0,[7],3,15,-1.0
0,50,1,[7],1,6,-0.0
0,50,2,[7],3,17,-0.0
0,50,3,[7],1,8,-0.0
0,50,4,[7],1,9,-1.0750000476837158
0,50,5,[7],4,20,-0.2750000059604645
0,50,6,[7],2,11,-0.22499999403953552
0,50,7,[7],2,12,-1.149999976158142
0,50,8,[7],4,20,-0.0
0,50,9,[7],2,14,-0.22499999403953552
0,50,10,[7],0,10,-0.0
0,50,11,[7],0,11,-0.0
0,50,12,[7],4,20,-0.0
0,50,13,[7],1,3,-0.0
0,50,14,[7],4,20,-0.0
0,50,15,[7],0,15,-0.0
0,50,16,[7],3,11,-0.0
0,50,17,[7],2,7,-0.20000000298023224
0,50,18,[7],2,8,-0.125
0,50,19,[7],3,14,-1.0
0,51,0,[7],3,15,-1.100000023841858
0,51,1,[7],0,1,-1.0
0,51,2,[7],1,7,-1.0
0,51,3,[7],2,13,-1.0
0,51,4,[7],1,9,-1.0
0,51,5,[7],0,5,-0.07500000298023224
0,51,6,[7],4,20,-0.07500000298023224
0,51,7,[7],4,20,-0.0
0,51,8,[7],2,13,-0.0
0,51,9,[7],4,20,-0.0
0,51,10,[7],0,10,-0.07500000298023224
0,51,11,[7],1,1,-0.0
0,51,12,[7],2,7,-0.07500000298023224
0,51,13,[7],3,18,-0.20000000298023224
0,51,14,[7],2,9,-0.0
0,51,15,[7],1,0,-0.30000001192092896
0,51,16,[7],3,11,-0.07500000298023224
0,51,17,[7],1,2,-0.0
0,51,18,[7],1,3,-1.0
0,51,19,[7],2,9,-0.10000000149011612
0,52,0,[7],4,20,-0.0
0,52,1,[7],1,6,-1.0
0,52,2,[7],2,12,-0.10000000149011612
0,52,3,[7],3,18,-0.0
0,52,4,[7],3,19,-1.0
0,52,5,[7],4,20,-0.0
0,52,6,[7],0,6,-1.0
0,52,7,[7],0,7,-0.0
0,52,8,[7],1,3,-0.25
0,52,9,[7],0,9,-0.0
0,52,10,[7],0,10,-0.0
0,52,11,[7],0,11,-1.0
0,52,12,[7],0,12,-1.0
0,52,13,[7],0,13,-0.0
0,52,14,[7],1,4,-1.0
0,52,15,[7],0,15,-0.0
0,52,16,[7],2,6,-0.0
0,52,17,[7],1,2,-0.0
0,52,18,[7],1,3,-0.0
0,52,19,[7],4,20,-0.0
0,53,0,[7],2,10,-0.0
0,53,1,[7],2,11,-1.0750000476837158
0,53,2,[7],0,2,-0.0
0,53,3,[7],1,8,-0.0
0,53,4,[7],1,9,-1.0
0,53,5,[7],3,15,-0.0
0,53,6,[7],4,20,-1.0499999523162842
0,53,7,[7],1,2,-0.05000000074505806
0,53,8,[7],2,13,-0.0
0,53,9,[7],3,19,-0.20000000298023224
0,53,10,[7],0,10,-0.2750000059604645
0,53,11,[7],2,6,-1.0499999523162842
0,53,12,[7],4,20,-0.0
0,53,13,[7],3,18,-0.05000000074505806
0,53,14,[7],0,14,-1.0
0,53,15,[7],2,5,-1.0
0,53,16,[7],4,20,-1.0
0,53,17,[7],2,7,-1.0
0,53,18,[7],1,3,-0.0
0,53,19,[7],0,19,-0.0
0,54,0,[7],3,15,-1.0
0,54,1,[7],3,16,-1.0
0,54,2,[7],2,12,-0.0
0,54,3,[7],0,3,-0.0
0,54,4,[7],3,19,-1.0
0,54,5,[7],3,15,-0.07500000298023224
0,54,6,[7],1,1,-1.0
0,54,7,[7],1,2,-0.0
0,54,8,[7],4,20,-0.0
0,54,9,[7],2,14,-0.0
0,54,10,[7],2,5,-0.0
0,54,11,[7],3,16,-0.0
0,54,12,[7],0,12,-1.0750000476837158
0,54,13,[7],4,20,-0.0
0,54,14,[7],2,9,-1.0
0,54,15,[7],2,5,-0.125
0,54,16,[7],0,16,-0.0
0,54,17,[7],1,2,-1.0
0,54,18,[7],3,13,-0.0
0,54,19,[7],2,9,-0.0
0,55,0,[7],3,15,-1.0
0,55,1,[7],3,16,-1.0
0,55,2,[7],1,7,-0.07500000298023224
0,55,3,[7],1,8,-0.0
0,55,4,[7],4,20,-0.0
0,55,5,[7],3,15,-0.0
0,55,6,[7],1,1,-0.0
0,55,7,[7],3,17,-1.0
0,55,8,[7],2,13,-0.0
0,55,9,[7],2,14,-0.0
0,55,10,[7],4,20,-0.32499998807907104
0,55,11,[7],3,16,-0.0
0,55,12,[7],0,12,-0.15000000596046448
0,55,13,[7],4,20,-0.20000000298023224
0,55,14,[7],1,4,-1.0
0,55,15,[7],1,0,-0.0
0,55,16,[7],2,6,-1.0
0,55,17,[7],2,7,-0.0
0,55,18,[7],1,3,-0.0
0,55,19,[7],0,19,-0.07500000298023224
0,56,0,[7],3,15,-0.0
0,56,1,[7],1,6,-1.0
0,56,2,[7],1,7,-0.0
0,56,3,[7],4,20,-0.2750000059604645
0,56,4,[7],2,14,-0.0
0,56,5,[7],2,10,-0.0
0,56,6,[7],3,16,-0.0
0,56,7,[7],4,20,-1.0
0,56,8,[7],2,13,-0.0
0,56,9,[7],4,20,-0.0
0,56,10,[7],4,20,-0.0
0,56,11,[7],2,6,-0.0
0,56,12,[7],1,2,-0.0
0,56,13,[7],0,13,-0.0
0,56,14,[7],4,20,-1.0
0,56,15,[7],0,15,-1.0
0,56,16,[7],4,20,-0.22499999403953552
0,56,17,[7],2,7,-1.0
0,56,18,[7],4,20,-0.0
0,56,19,[7],3,14,-0.125
0,57,0,[7],3,15,-0.0
0,57,1,[7],1,6,-0.0
0,57,2,[7],0,2,-1.0
0,57,3,[7],4,20,-0.0
0,57,4,[7],4,20,-0.0
0,57,5,[7],0,5,-0.0
0,57,6,[7],0,6,-0.0
0,57,7,[7],1,2,-0.0
0,57,8,[7],1,3,-0.0
0,57,9,[7],1,4,-0.0
0,57,10,[7],4,20,-0.22499999403953552
0,57,11,[7],0,11,-1.0
0,57,12,[7],4,20,-0.0
0,57,13,[7],2,8,-0.0
0,57,14,[7],3,19,-0.0
0,57,15,[7],0,15,-1.0
0,57,16,[7],3,11,-0.0
0,57,17,[7],1,2,-0.0
0,57,18,[7],3,13,-0.15000000596046448
0,57,19,[7],0,19,-0.22499999403953552
0,58,0,[7],3,15,-1.0
0,58,1,[7],4,20,-1.0
0,58,2,[7],0,2,-0.0
0,58,3,[7],0,3,-0.0
0,58,4,[7],1,9,-0.0
0,58,5,[7],0,5,-0.0
0,58,6,[7],3,16,-0.0
0,58,7,[7],0,7,-0.0
0,58,8,[7],1,3,-0.0
0,58,9,[7],3,19,-0.0
0,58,10,[7],1,0,-0.0
0,58,11,[7],2,6,-1.0
0,58,12,[7],0,12,-0.0
0,58,13,[7],4,20,-0.0
0,58,14,[7],1,4,-0.22499999403953552
0,58,15,[7],1,0,-0.05000000074505806
0,58,16,[7],0,16,-0.0
0,58,17,[7],3,12,-0.0
0,58,18,[7],3,13,-0.0
0,58,19,[7],1,4,-0.10000000149011612
0,59,0,[7],0,0,-1.0
0,59,1,[7],4,20,-1.0
0,59,2,[7],4,20,-1.0
0,59,3,[7],3,18,-0.125
0,59,4,[7],1,9,-0.0
0,59,5,[7],0,5,-0.0
0,59,6,[7],0,6,-0.0
0,59,7,[7],4,20,-1.0
0,59,8,[7],4,20,-0.375
0,59,9,[7],3,19,-1.0
0,59,10,[7],0,10,-0.0
0,59,11,[7],4,20,-0.0
0,59,12,[7],4,20,-0.0
0,59,13,[7],0,13,-1.0
0,59,14,[7],3,19,-0.0
0,59,15,[7],0,15,-0.0
0,59,16,[7],2,6,-0.0
0,59,17,[7],0,17,-0.0
0,59,18,[7],0,18,-0.0
0,59,19,[7],2,9,-0.0
0,60,0,[7],4,20,-1.0
0,60,1,[7],3,16,-0.0
0,60,2,[7],4,20,-0.07500000298023224
0,60,3,[7],3,18,-0.17499999701976776
0,60,4,[7],2,14,-0.0
0,60,5,[7],4,20,-0.07500000298023224
0,60,6,[7],0,6,-0.0
0,60,7,[7],0,7,-1.0750000476837158
0,60,8,[7],2,13,-0.0
0,60,9,[7],2,14,-0.0
0,60,10,[7],1,0,-0.0
0,60,11,[7],2,6,-0.0
0,60,12,[7],1,2,-1.0750000476837158
0,60,13,[7],3,18,-1.0
0,60,14,[7],4,20,-1.0
0,60,15,[7],4,20,-1.0499999523162842
0,60,16,[7],0,16,-0.42500001192092896
0,60,17,[7],3,12,-0.2750000059604645
0,60,18,[7],4,20,-0.0
0,60,19,[7],4,20,-0.0
0,61,0,[7],3,15,-0.0
0,61,1,[7],4,20,-0.0
0,61,2,[7],1,7,-0.0
0,61,3,[7],2,13,-0.0
0,61,4,[7],0,4,-0.125
0,61,5,[7],1,0,-0.20000000298023224
0,61,6,[7],2,11,-0.22499999403953552
0,61,7,[7],0,7,-0.0
0,61,8,[7],4,20,-0.0
0,61,9,[7],4,20,-0.0
0,61,10,[7],2,5,-0.0
0,61,11,[7],0,11,-0.0
0,61,12,[7],1,2,-0.0
0,61,13,[7],2,8,-0.0
0,61,14,[7],2,9,-1.0
0,61,15,[7],0,15,-0.0
0,61,16,[7],4,20,-0.0
0,61,17,[7],2,7,-0.0
0,61,18,[7],3,13,-0.07500000298023224
0,61,19,[7],0,19,-0.0
0,62,0,[7],1,5,-1.0
0,62,1,[7],3,16,-0.0
0,62,2,[7],1,7,-0.0
0,62,3,[7],2,13,-0.0
0,62,4,[7],2,14,-0.22499999403953552
0,62,5,[7],2,10,-0.10000000149011612
0,62,6,[7],0,6,-0.0
0,62,7,[7],3,17,-1.0
0,62,8,[7],1,3,-0.0
0,62,9,[7],2,14,-1.0
0,62,10,[7],2,5,-0.0
0,62,11,[7],3,16,-0.0
0,62,12,[7],2,7,-0.0
0,62,13,[7],0,13,-1.0
0,62,14,[7],0,14,-0.0
0,62,15,[7],0,15,-1.0
0,62,16,[7],0,16,-0.0
0,62,17,[7],4,20,-0.0
0,62,18,[7],2,8,-0.0
0,62,19,[7],2,9,-0.0
0,63,0,[7],4,20,-1.0
0,63,1,[7],1,6,-1.0
0,63,2,[7],3,17,-1.0
0,63,3,[7],1,8,-0.0
0,63,4,[7],2,14,-0.07500000298023224
0,63,5,[7],0,5,-0.0
0,63,6,[7],3,16,-0.0
0,63,7,[7],2,12,-0.07500000298023224
0,63,8,[7],1,3,-0.0
0,63,9,[7],1,4,-1.0
0,63,10,[7],3,15,-0.0
0,63,11,[7],4,20,-0.22499999403953552
0,63,12,[7],4,20,-0.0
0,63,13,[7],2,8,-1.0
0,63,14,[7],2,9,-1.0499999523162842
0,63,15,[7],4,20,-1.0499999523162842
0,63,16,[7],0,16,-0.05000000074505806
0,63,17,[7],2,7,-0.0
0,63,18,[7],3,13,-1.2000000476837158
0,63,19,[7],0,19,-0.20000000298023224
0,64,0,[7],1,5,-1.0
0,64,1,[7],0,1,-0.0
0,64,2,[7],0,2,-1.0
0,64,3,[7],3,18,-0.0
0,64,4,[7],0,4,-0.0
0,64,5,[7],1,0,-0.0
0,64,6,[7],2,11,-0.0
0,64,7,[7],4,20,-0.22499999403953552
0,64,8,[7],0,8,-1.0
0,64,9,[7],4,20,-0.0
0,64,10,[7],4,20,-0.0
0,64,11,[7],3,16,-0.0
0,64,12,[7],2,7,-0.0
0,64,13,[7],2,8,-0.0
0,64,14,[7],1,4,-0.22499999403953552
0,64,15,[7],3,10,-1.0
0,64,16,[7],3,11,-0.0
0,64,17,[7],2,7,-1.0
0,64,18,[7],0,18,-0.0
0,64,19,[7],1,4,-0.0
0,65,0,[7],0,0,-1.0
0,65,1,[7],1,6,-1.0
0,65,2,[7],1,7,-1.0
0,65,3,[7],2,13,-0.0
0,65,4,[7],1,9,-0.0
0,65,5,[7],3,15,-0.0
0,65,6,[7],3,16,-1.0
0,65,7,[7],2,12,-0.0
0,65,8,[7],0,8,-1.0
0,65,9,[7],1,4,-0.125
0,65,10,[7],1,0,-0.0
0,65,11,[7],4,20,-1.0
0,65,12,[7],1,2,-1.1749999523162842
0,65,13,[7],2,8,-0.0
0,65,14,[7],2,9,-0.0
0,65,15,[7],2,5,-0.0
0,65,16,[7],0,16,-0.22499999403953552
0,65,17,[7],0,17,-0.0
0,65,18,[7],0,18,-0.05000000074505806
0,65,19,[7],3,14,-0.07500000298023224
0,66,0,[7],1,5,-0.0
0,66,1,[7],0,1,-1.0
0,66,2,[7],2,12,-0.2750000059604645
0,66,3,[7],4,20,-0.0
0,66,4,[7],2,14,-0.0
0,66,5,[7],0,5,-0.0
0,66,6,[7],4,20,-0.0
0,66,7,[7],1,2,-1.0
0,66,8,[7],4,20,-1.0499999523162842
0,66,9,[7],2,14,-0.0
0,66,10,[7],0,10,-0.125
0,66,11,[7],4,20,-0.0
0,66,12,[7],0,12,-0.0
0,66,13,[7],3,18,-1.0
0,66,14,[7],1,4,-1.0
0,66,15,[7],3,10,-0.0
0,66,16,[7],0,16,-0.15000000596046448
0,66,17,[7],0,17,-0.0
0,66,18,[7],3,13,-0.0
0,66,19,[7],3,14,-0.22499999403953552
0,67,0,[7],0,0,-1.0
0,67,1,[7],0,1,-0.0
0,67,2,[7],3,17,-0.0
0,67,3,[7],4,20,-0.20000000298023224
0,67,4,[7],0,4,-0.125
0,67,5,[7],1,0,-0.0
0,67,6,[7],0,6,-1.0
0,67,7,[7],1,2,-0.0
0,67,8,[7],2,13,-0.22499999403953552
0,67,9,[7],0,9,-0.0
0,67,10,[7],4,20,-0.0
0,67,11,[7],3,16,-1.0
0,67,12,[7],0,12,-0.0
0,67,13,[7],4,20,-0.0
0,67,14,[7],4,20,-1.0
0,67,15,[7],3,10,-0.0
0,67,16,[7],1,1,-0.0
0,67,17,[7],1,2,-1.0
0,67,18,[7],3,13,-1.0750000476837158
0,67,19,[7],0,19,-0.0
0,68,0,[7],3,15,-0.0
0,68,1,[7],0,1,-0.20000000298023224
0,68,2,[7],4,20,-0.0
0,68,3,[7],2,13,-0.0
0,68,4,[7],0,4,-0.0
0,68,5,[7],4,20,-0.0
0,68,6,[7],2,11,-0.05000000074505806
0,68,7,[7],3,17,-1.0
0,68,8,[7],4,20,-0.0
0,68,9,[7],0,9,-0.0
0,68,10,[7],1,0,-0.0
0,68,11,[7],1,1,-0.0
0,68,12,[7],1,2,-0.0
0,68,13,[7],2,8,-0.0
0,68,14,[7],0,14,-0.0
0,68,15,[7],3,10,-0.0
0,68,16,[7],0,16,-0.07500000298023224
0,68,17,[7],1,2,-0.07500000298023224
0,68,18,[7],2,8,-0.22499999403953552
0,68,19,[7],4,20,-1.0
0,69,0,[7],0,0,-0.0
0,69,1,[7],0,1,-0.0
0,69,2,[7],1,7,-0.0
0,69,3,[7],0,3,-0.17499999701976776
0,69,4,[7],4,20,-0.0
0,69,5,[7],4,20,-0.20000000298023224
0,69,6,[7],4,20,-0.0
0,69,7,[7],1,2,-0.0
0,69,8,[7],1,3,-0.22499999403953552
0,69,9,[7],3,19,-0.4000000059604645
0,69,10,[7],0,10,-0.0
0,69,11,[7],4,20,-1.0
0,69,12,[7],0,12,-1.0
0,69,13,[7],3,18,-1.0
0,69,14,[7],4,20,-1.0
0,69,15,[7],3,10,-0.0
0,69,16,[7],4,20,-0.0
0,69,17,[7],3,12,-1.0
0,69,18,[7],0,18,-0.0
0,69,19,[7],2,9,-0.07500000298023224
0,70,0,[7],2,10,-0.0
0,70,1,[7],3,16,-0.0
0,70,2,[7],3,17,-0.0
0,70,3,[7],0,3,-0.0
0,70,4,[7],4,20,-0.15000000596046448
0,70,5,[7],4,20,-0.0
0,70,6,[7],2,11,-1.0
0,70,7,[7],2,12,-0.0
0,70,8,[7],0,8,-0.0
0,70,9,[7],3,19,-0.0
0,70,10,[7],2,5,-0.0
0,70,11,[7],4,20,-0.0
0,70,12,[7],3,17,-0.20000000298023224
0,70,13,[7],2,8,-1.0
0,70,14,[7],0,14,-0.0
0,70,15,[7],4,20,-0.0
0,70,16,[7],2,6,-0.0
0,70,17,[7],4,20,-1.0
0,70,18,[7],0,18,-1.0
0,70,19,[7],3,14,-0.0
0,71,0,[7],0,0,-1.0
0,71,1,[7],0,1,-1.0750000476837158
0,71,2,[7],4,20,-0.0
0,71,3,[7],1,8,-0.0
0,71,4,[7],4,20,-0.0
0,71,5,[7],0,5,-0.0
0,71,6,[7],1,1,-0.0
0,71,7,[7],4,20,-1.0
0,71,8,[7],1,3,-0.05000000074505806
0,71,9,[7],0,9,-0.0
0,71,10,[7],4,20,-0.07500000298023224
0,71,11,[7],1,1,-0.22499999403953552
0,71,12,[7],3,17,-0.0
0,71,13,[7],1,3,-0.0
0,71,14,[7],4,20,-0.0
0,71,15,[7],4,20,-0.0
0,71,16,[7],0,16,-0.30000001192092896
0,71,17,[7],2,7,-0.0
0,71,18,[7],4,20,-0.07500000298023224
0,71,19,[7],4,20,-1.0
0,72,0,[7],2,10,-0.0
0,72,1,[7],0,1,-1.0
0,72,2,[7],4,20,-1.0
0,72,3,[7],3,18,-0.2750000059604645
0,72,4,[7],0,4,-0.0
0,72,5,[7],1,0,-0.05000000074505806
0,72,6,[7],2,11,-0.0
0,72,7,[7],4,20,-0.0
0,72,8,[7],2,13,-1.0
0,72,9,[7],0,9,-0.0
0,72,10,[7],1,0,-1.225000023841858
0,72,11,[7],2,6,-0.0
0,72,12,[7],1,2,-0.0
0,72,13,[7],2,8,-0.0
0,72,14,[7],3,19,-0.0
0,72,15,[7],0,15,-0.0
0,72,16,[7],3,11,-0.0
0,72,17,[7],2,7,-0.0
0,72,18,[7],3,13,-1.0
0,72,19,[7],2,9,-0.0
0,73,0,[7],0,0,-1.0750000476837158
0,73,1,[7],2,11,-0.07500000298023224
0,73,2,[7],1,7,-0.0
0,73,3,[7],3,18,-0.0
0,73,4,[7],3,19,-0.32499998807907104
0,73,5,[7],1,0,-0.0
0,73,6,[7],2,11,-1.0
0,73,7,[7],4,20,-1.0
0,73,8,[7],4,20,-0.0
0,73,9,[7],1,4,-0.05000000074505806
0,73,10,[7],3,15,-0.0
0,73,11,[7],0,11,-1.0
0,73,12,[7],0,12,-1.0
0,73,13,[7],1,3,-1.0
0,73,14,[7],4,20,-0.0
0,73,15,[7],4,20,-0.0
0,73,16,[7],1,1,-0.0
0,73,17,[7],3,12,-0.0
0,73,18,[7],3,13,-0.0
0,73,19,[7],2,9,-1.0
0,74,0,[7],3,15,-0.0
0,74,1,[7],2,11,-0.0
0,74,2,[7],4,20,-0.0
0,74,3,[7],0,3,-0.0
0,74,4,[7],1,9,-0.0
0,74,5,[7],0,5,-1.0
0,74,6,[7],1,1,-0.22499999403953552
0,74,7,[7],2,12,-0.0
0,74,8,[7],0,8,-0.22499999403953552
0,74,9,[7],0,9,-1.0
0,74,10,[7],0,10,-0.0
0,74,11,[7],1,1,-0.0
0,74,12,[7],4,20,-1.0
0,74,13,[7],2,8,-0.0
0,74,14,[7],4,20,-0.0
0,74,15,[7],1,0,-0.20000000298023224
0,74,16,[7],1,1,-0.0
0,74,17,[7],2,7,-0.0
0,74,18,[7],0,18,-0.0
0,74,19,[7],2,9,-1.0
0,75,0,[7],2,10,-0.0
0,75,1,[7],2,11,-0.10000000149011612
0,75,2,[7],0,2,-1.0
0,75,3,[7],4,20,-0.0
0,75,4,[7],3,19,-0.0
0,75,5,[7],1,0,-0.0
0,75,6,[7],3,16,-0.0
0,75,7,[7],0,7,-0.0
0,75,8,[7],3,18,-0.0
0,75,9,[7],4,20,-0.0
0,75,10,[7],2,5,-0.0
0,75,11,[7],2,6,-1.0
0,75,12,[7],2,7,-0.07500000298023224
0,75,13,[7],2,8,-1.0
0,75,14,[7],3,19,-1.0
0,75,15,[7],0,15,-0.0
0,75,16,[7],0,16,-0.0
0,75,17,[7],3,12,-0.0
0,75,18,[7],1,3,-0.0
0,75,19,[7],2,9,-0.0
0,76,0,[7],2,10,-0.0
0,76,1,[7],3,16,-0.0
0,76,2,[7],1,7,-0.0
0,76,3,[7],1,8,-0.07500000298023224
0,76,4,[7],2,14,-0.15000000596046448
0,76,5,[7],0,5,-1.0750000476837158
0,76,6,[7],2,11,-0.0
0,76,7,[7],2,12,-0.0
0,76,8,[7],0,8,-0.30000001192092896
0,76,9,[7],2,14,-0.0
0,76,10,[7],3,15,-0.07500000298023224
0,76,11,[7],3,16,-1.0
0,76,12,[7],0,12,-0.0
0,76,13,[7],2,8,-0.0
0,76,14,[7],4,20,-1.0
0,76,15,[7],4,20,-0.0
0,76,16,[7],3,11,-1.2000000476837158
0,76,17,[7],0,17,-1.0
0,76,18,[7],1,3,-1.0
0,76,19,[7],0,19,-0.0
0,77,0,[7],0,0,-1.0
0,77,1,[7],2,11,-0.125
0,77,2,[7],3,17,-0.0
0,77,3,[7],4,20,-0.125
0,77,4,[7],0,4,-0.0
0,77,5,[7],2,10,-0.0
0,77,6,[7],0,6,-0.0
0,77,7,[7],1,2,-0.0
0,77,8,[7],1,3,-0.0
0,77,9,[7],4,20,-0.0
0,77,10,[7],4,20,-0.20000000298023224
0,77,11,[7],1,1,-1.0
0,77,12,[7],3,17,-0.0
0,77,13,[7],1,3,-0.0
0,77,14,[7],1,4,-0.0
0,77,15,[7],2,5,-1.0750000476837158
0,77,16,[7],1,1,-0.0
0,77,17,[7],2,7,-1.0
0,77,18,[7],4,20,-0.17499999701976776
0,77,19,[7],0,19,-0.05000000074505806
0,78,0,[7],0,0,-0.05000000074505806
0,78,1,[7],1,6,-0.0
0,78,2,[7],1,7,-0.20000000298023224
0,78,3,[7],4,20,-0.10000000149011612
0,78,4,[7],0,4,-0.0
0,78,5,[7],2,10,-1.0
0,78,6,[7],0,6,-0.0
0,78,7,[7],4,20,-1.0
0,78,8,[7],2,13,-0.07500000298023224
0,78,9,[7],1,4,-1.0
0,78,10,[7],1,0,-0.0
0,78,11,[7],4,20,-1.0
0,78,12,[7],3,17,-0.22499999403953552
0,78,13,[7],4,20,-0.0
0,78,14,[7],3,19,-0.0
0,78,15,[7],2,5,-1.0
0,78,16,[7],0,16,-0.0
0,78,17,[7],2,7,-1.0750000476837158
0,78,18,[7],0,18,-0.0
0,78,19,[7],4,20,-1.0
0,79,0,[7],4,20,-1.0
0,79,1,[7],1,6,-0.0
0,79,2,[7],4,20,-0.0
0,79,3,[7],2,13,-0.0
0,79,4,[7],1,9,-0.0
0,79,5,[7],1,0,-1.0
0,79,6,[7],2,11,-1.0
0,79,7,[7],3,17,-0.22499999403953552
0,79,8,[7],2,13,-0.0
0,79,9,[7],3,19,-1.0
0,79,10,[7],0,10,-0.22499999403953552
0,79,11,[7],0,11,-0.0
0,79,12,[7],3,17,-0.0
0,79,13,[7],3,18,-1.0
0,79,14,[7],3,19,-0.0
0,79,15,[7],3,10,-1.0
0,79,16,[7],0,16,-1.0
0,79,17,[7],1,2,-0.0
0,79,18,[7],1,3,-0.0
0,79,19,[7],2,9,-1.0
0,80,0,[7],1,5,-0.0
0,80,1,[7],3,16,-0.0
0,80,2,[7],1,7,-0.0
0,80,3,[7],4,20,-0.0
0,80,4,[7],4,20,-0.0
0,80,5,[7],3,15,-0.0
0,80,6,[7],3,16,-0.07500000298023224
0,80,7,[7],4,20,-0.0
0,80,8,[7],3,18,-1.0
0,80,9,[7],4,20,-0.0
0,80,10,[7],2,5,-0.0
0,80,11,[7],4,20,-1.0
0,80,12,[7],3,17,-1.0
0,80,13,[7],1,3,-0.0
0,80,14,[7],2,9,-0.22499999403953552
0,80,15,[7],4,20,-1.0
0,80,16,[7],2,6,-0.05000000074505806
0,80,17,[7],2,7,-0.0
0,80,18,[7],1,3,-0.0
0,80,19,[7],1,4,-0.10000000149011612
0,81,0,[7],4,20,-1.0
0,81,1,[7],1,6,-0.15000000596046448
0,81,2,[7],0,2,-0.15000000596046448
0,81,3,[7],0,3,-0.0
0,81,4,[7],4,20,-0.0
0,81,5,[7],2,10,-1.0
0,81,6,[7],1,1,-1.0
0,81,7,[7],0,7,-1.0
0,81,8,[7],4,20,-0.22499999403953552
0,81,9,[7],4,20,-0.0
0,81,10,[7],2,5,-1.0
0,81,11,[7],2,6,-0.07500000298023224
0,81,12,[7],4,20,-1.0
0,81,13,[7],2,8,-1.0
0,81,14,[7],4,20,-0.0
0,81,15,[7],3,10,-0.0
0,81,16,[7],2,6,-1.0
0,81,17,[7],2,7,-1.0
0,81,18,[7],3,13,-0.0
0,81,19,[7],3,14,-1.0
0,82,0,[7],4,20,-0.0
0,82,1,[7],1,6,-0.0
0,82,2,[7],4,20,-0.0
0,82,3,[7],4,20,-0.0
0,82,4,[7],0,4,-0.17499999701976776
0,82,5,[7],1,0,-1.0
0,82,6,[7],3,16,-0.0
0,82,7,[7],1,2,-0.0
0,82,8,[7],2,13,-0.0
0,82,9,[7],3,19,-1.0
0,82,10,[7],3,15,-0.0
0,82,11,[7],4,20,-0.0
0,82,12,[7],1,2,-0.0
0,82,13,[7],1,3,-1.0
0,82,14,[7],3,19,-0.0
0,82,15,[7],1,0,-1.0
0,82,16,[7],4,20,-1.0
0,82,17,[7],0,17,-1.0
0,82,18,[7],4,20,-1.0
0,82,19,[7],4,20,-1.0
0,83,0,[7],2,10,-1.0
0,83,1,[7],0,1,-0.0
0,83,2,[7],4,20,-0.0
0,83,3,[7],0,3,-0.0
0,83,4,[7],3,19,-0.0
0,83,5,[7],2,10,-0.0
0,83,6,[7],2,11,-1.0
0,83,7,[7],2,12,-1.0750000476837158
0,83,8,[7],3,18,-0.0
0,83,9,[7],4,20,-0.0
0,83,10,[7],1,0,-0.0
0,83,11,[7],2,6,-1.0
0,83,12,[7],0,12,-1.0
0,83,13,[7],3,18,-0.0
0,83,14,[7],4,20,-0.0
0,83,15,[7],3,10,-1.0
0,83,16,[7],1,1,-0.0
0,83,17,[7],0,17,-0.0
0,83,18,[7],3,13,-0.0
0,83,19,[7],0,19,-0.0
0,84,0,[7],0,0,-0.0
0,84,1,[7],0,1,-0.0
0,84,2,[7],4,20,-0.0
0,84,3,[7],0,3,-0.0
0,84,4,[7],4,20,-0.07500000298023224
0,84,5,[7],1,0,-1.0
0,84,6,[7],2,11,-1.0
0,84,7,[7],4,20,-0.0
0,84,8,[7],2,13,-0.0
0,84,9,[7],1,4,-0.0
0,84,10,[7],0,10,-1.0
0,84,11,[7],4,20,-1.0
0,84,12,[7],0,12,-0.05000000074505806
0,84,13,[7],3,18,-0.0
0,84,14,[7],4,20,-0.0
0,84,15,[7],3,10,-0.0
0,84,16,[7],0,16,-0.0
0,84,17,[7],3,12,-0.05000000074505806
0,84,18,[7],0,18,-0.20000000298023224
0,84,19,[7],2,9,-0.0
0,85,0,[7],1,5,-1.0
0,85,1,[7],4,20,-0.07500000298023224
0,85,2,[7],1,7,-0.10000000149011612
0,85,3,[7],3,18,-0.07500000298023224
0,85,4,[7],4,20,-0.0
0,85,5,[7],0,5,-0.0
0,85,6,[7],3,16,-0.0
0,85,7,[7],4,20,-1.0
0,85,8,[7],1,3,-0.22499999403953552
0,85,9,[7],0,9,-1.0
0,85,10,[7],3,15,-1.0
0,85,11,[7],4,20,-0.20000000298023224
0,85,12,[7],4,20,-0.0
0,85,13,[7],1,3,-0.0
0,85,14,[7],4,20,-0.0
0,85,15,[7],0,15,-1.0
0,85,16,[7],3,11,-1.0
0,85,17,[7],4,20,-0.0
0,85,18,[7],3,13,-0.0
0,85,19,[7],0,19,-0.07500000298023224
0,86,0,[7],3,15,-0.0
0,86,1,[7],3,16,-0.0
0,86,2,[7],4,20,-1.0750000476837158
0,86,3,[7],4,20,-0.0
0,86,4,[7],3,19,-0.2750000059604645
0,86,5,[7],3,15,-1.0499999523162842
0,86,6,[7],0,6,-0.0
0,86,7,[7],2,12,-1.0
0,86,8,[7],3,18,-0.0
0,86,9,[7],1,4,-0.0
0,86,10,[7],1,0,-0.07500000298023224
0,86,11,[7],3,16,-0.0
0,86,12,[7],4,20,-0.07500000298023224
0,86,13,[7],2,8,-0.0
0,86,14,[7],1,4,-1.0
0,86,15,[7],1,0,-0.0
0,86,16,[7],2,6,-1.0750000476837158
0,86,17,[7],1,2,-0.0
0,86,18,[7],2,8,-0.07500000298023224
0,86,19,[7],4,20,-0.0
0,87,0,[7],3,15,-0.0
0,87,1,[7],0,1,-1.0
0,87,2,[7],2,12,-0.0
0,87,3,[7],4,20,-0.10000000149011612
0,87,4,[7],1,9,-0.0
0,87,5,[7],4,20,-0.0
0,87,6,[7],1,1,-0.05000000074505806
0,87,7,[7],1,2,-1.0
0,87,8,[7],4,20,-0.0
0,87,9,[7],0,9,-0.07500000298023224
0,87,10,[7],0,10,-0.0
0,87,11,[7],4,20,-0.07500000298023224
0,87,12,[7],2,7,-1.0
0,87,13,[7],1,3,-0.0
0,87,14,[7],0,14,-1.0
0,87,15,[7],0,15,-0.07500000298023224
0,87,16,[7],0,16,-0.0
0,87,17,[7],2,7,-0.0
0,87,18,[7],3,13,-0.0
0,87,19,[7],4,20,-0.0
0,88,0,[7],1,5,-0.0
0,88,1,[7],2,11,-1.0
0,88,2,[7],4,20,-0.07500000298023224
0,88,3,[7],2,13,-0.0
0,88,4,[7],0,4,-0.0
0,88,5,[7],1,0,-0.0
0,88,6,[7],2,11,-1.0
0,88,7,[7],0,7,-1.0
0,88,8,[7],2,13,-0.22499999403953552
0,88,9,[7],1,4,-1.0
0,88,10,[7],2,5,-0.0
0,88,11,[7],1,1,-0.05000000074505806
0,88,12,[7],3,17,-1.0
0,88,13,[7],1,3,-0.0
0,88,14,[7],2,9,-0.05000000074505806
0,88,15,[7],2,5,-0.0
0,88,16,[7],1,1,-0.0
0,88,17,[7],4,20,-1.0
0,88,18,[7],2,8,-0.0
0,88,19,[7],1,4,-1.0
0,89,0,[7],2,10,-0.0
0,89,1,[7],1,6,-0.07500000298023224
0,89,2,[7],1,7,-0.0
0,89,3,[7],3,18,-0.0
0,89,4,[7],0,4,-0.0
0,89,5,[7],2,10,-0.0
0,89,6,[7],1,1,-0.0
0,89,7,[7],1,2,-1.0
0,89,8,[7],1,3,-0.0
0,89,9,[7],2,14,-1.0
0,89,10,[7],1,0,-0.0
0,89,11,[7],0,11,-0.0
0,89,12,[7],4,20,-0.22499999403953552
0,89,13,[7],0,13,-1.0
0,89,14,[7],1,4,-0.0
0,89,15,[7],1,0,-0.0
0,89,16,[7],1,1,-0.07500000298023224
0,89,17,[7],2,7,-0.0
0,89,18,[7],0,18,-1.0
0,89,19,[7],0,19,-0.0
0,90,0,[7],3,15,-0.0
0,90,1,[7],3,16,-0.0
0,90,2,[7],0,2,-0.07500000298023224
0,90,3,[7],3,18,-0.0
0,90,4,[7],1,9,-0.07500000298023224
0,90,5,[7],0,5,-1.0
0,90,6,[7],3,16,-1.0
0,90,7,[7],1,2,-0.0
0,90,8,[7],1,3,-1.0
0,90,9,[7],0,9,-0.0
0,90,10,[7],4,20,-0.0
0,90,11,[7],4,20,-0.0
0,90,12,[7],0,12,-0.0
0,90,13,[7],0,13,-0.0
0,90,14,[7],1,4,-0.0
0,90,15,[7],2,5,-0.0
0,90,16,[7],3,11,-1.0
0,90,17,[7],0,17,-1.0
0,90,18,[7],4,20,-1.0
0,90,19,[7],0,19,-0.22499999403953552
0,91,0,[7],1,5,-0.0
0,91,1,[7],2,11,-0.0
0,91,2,[7],2,12,-0.0
0,91,3,[7],2,13,-0.0
0,91,4,[7],2,14,-0.15000000596046448
0,91,5,[7],4,20,-1.0
0,91,6,[7],4,20,-0.0
0,91,7,[7],4,20,-0.0
0,91,8,[7],4,20,-0.0
0,91,9,[7],3,19,-0.0
0,91,10,[7],3,15,-0.0
0,91,11,[7],0,11,-0.07500000298023224
0,91,12,[7],3,17,-0.0
0,91,13,[7],1,3,-1.0499999523162842
0,91,14,[7],2,9,-1.225000023841858
0,91,15,[7],4,20,-0.0
0,91,16,[7],2,6,-1.0
0,91,17,[7],4,20,-0.0
0,91,18,[7],4,20,-0.0
0,91,19,[7],0,19,-0.05000000074505806
0,92,0,[7],3,15,-0.20000000298023224
0,92,1,[7],0,1,-0.0
0,92,2,[7],3,17,-0.07500000298023224
0,92,3,[7],4,20,-0.20000000298023224
0,92,4,[7],3,19,-0.0
0,92,5,[7],3,15,-0.0
0,92,6,[7],3,16,-0.0
0,92,7,[7],0,7,-0.22499999403953552
0,92,8,[7],0,8,-0.15000000596046448
0,92,9,[7],2,14,-0.07500000298023224
0,92,10,[7],0,10,-0.0
0,92,11,[7],1,1,-0.125
0,92,12,[7],1,2,-0.0
0,92,13,[7],3,18,-1.0
0,92,14,[7],4,20,-0.0
0,92,15,[7],1,0,-0.0
0,92,16,[7],4,20,-0.0
0,92,17,[7],1,2,-0.0
0,92,18,[7],3,13,-0.0
0,92,19,[7],3,14,-0.0
0,93,0,[7],1,5,-0.0
0,93,1,[7],3,16,-0.0
0,93,2,[7],2,12,-0.0
0,93,3,[7],0,3,-0.17499999701976776
0,93,4,[7],2,14,-0.17499999701976776
0,93,5,[7],3,15,-0.0
0,93,6,[7],2,11,-1.0
0,93,7,[7],0,7,-0.0
0,93,8,[7],4,20,-0.0
0,93,9,[7],4,20,-0.0
0,93,10,[7],1,0,-0.05000000074505806
0,93,11,[7],1,1,-0.10000000149011612
0,93,12,[7],3,17,-0.0
0,93,13,[7],4,20,-0.0
0,93,14,[7],0,14,-1.0
0,93,15,[7],4,20,-0.20000000298023224
0,93,16,[7],3,11,-0.0
0,93,17,[7],1,2,-0.22499999403953552
0,93,18,[7],0,18,-0.0
0,93,19,[7],0,19,-1.0
0,94,0,[7],2,10,-0.0
0,94,1,[7],2,11,-0.07500000298023224
0,94,2,[7],2,12,-0.0
0,94,3,[7],2,13,-0.0
0,94,4,[7],4,20,-0.0
0,94,5,[7],2,10,-0.20000000298023224
0,94,6,[7],3,16,-1.0
0,94,7,[7],0,7,-0.0
0,94,8,[7],4,20,-0.0
0,94,9,[7],1,4,-0.22499999403953552
0,94,10,[7],2,5,-0.0
0,94,11,[7],4,20,-0.0
0,94,12,[7],1,2,-0.0
0,94,13,[7],0,13,-1.0
0,94,14,[7],4,20,-0.0
0,94,15,[7],3,10,-0.0
0,94,16,[7],3,11,-0.0
0,94,17,[7],2,7,-0.17499999701976776
0,94,18,[7],1,3,-1.0
0,94,19,[7],0,19,-0.10000000149011612
0,95,0,[7],3,15,-0.0
0,95,1,[7],3,16,-0.125
0,95,2,[7],4,20,-0.17499999701976776
0,95,3,[7],3,18,-0.0
0,95,4,[7],4,20,-0.0
0,95,5,[7],2,10,-0.0
0,95,6,[7],0,6,-0.0
0,95,7,[7],4,20,-1.0750000476837158
0,95,8,[7],0,8,-0.17499999701976776
0,95,9,[7],2,14,-0.0
0,95,10,[7],1,0,-0.0
0,95,11,[7],3,16,-0.0
0,95,12,[7],2,7,-0.0
0,95,13,[7],4,20,-1.0
0,95,14,[7],2,9,-0.0
0,95,15,[7],0,15,-0.0
0,95,16,[7],0,16,-0.0
0,95,17,[7],3,12,-0.0
0,95,18,[7],2,8,-1.0750000476837158
0,95,19,[7],3,14,-1.0
0,96,0,[7],3,15,-0.0
0,96,1,[7],1,6,-0.0
0,96,2,[7],3,17,-0.0
0,96,3,[7],3,18,-0.0
0,96,4,[7],1,9,-0.17499999701976776
0,96,5,[7],2,10,-0.0
0,96,6,[7],2,11,-0.0
0,96,7,[7],0,7,-0.0
0,96,8,[7],2,13,-0.0
0,96,9,[7],4,20,-0.0
0,96,10,[7],2,5,-0.22499999403953552
0,96,11,[7],0,11,-0.0
0,96,12,[7],2,7,-1.0
0,96,13,[7],2,8,-1.0750000476837158
0,96,14,[7],0,14,-0.0
0,96,15,[7],4,20,-0.0
0,96,16,[7],3,11,-0.05000000074505806
0,96,17,[7],2,7,-0.0
0,96,18,[7],4,20,-0.0
0,96,19,[7],2,9,-0.0
0,97,0,[7],3,15,-1.0
0,97,1,[7],0,1,-0.0
0,97,2,[7],3,17,-0.17499999701976776
0,97,3,[7],4,20,-1.0
0,97,4,[7],4,20,-0.0
0,97,5,[7],2,10,-0.0
0,97,6,[7],0,6,-1.0750000476837158
0,97,7,[7],1,2,-0.0
0,97,8,[7],2,13,-0.0
0,97,9,[7],2,14,-0.22499999403953552
0,97,10,[7],3,15,-0.0
0,97,11,[7],0,11,-0.0
0,97,12,[7],1,2,-0.0
0,97,13,[7],3,18,-1.0
0,97,14,[7],0,14,-1.0499999523162842
0,97,15,[7],2,5,-0.4000000059604645
0,97,16,[7],2,6,-0.22499999403953552
0,97,17,[7],4,20,-0.22499999403953552
0,97,18,[7],3,13,-1.0
0,97,19,[7],0,19,-0.125
0,98,0,[7],4,20,-1.0
0,98,1,[7],3,16,-0.0
0,98,2,[7],1,7,-0.0
0,98,3,[7],0,3,-0.0
0,98,4,[7],4,20,-0.0
0,98,5,[7],1,0,-0.0
0,98,6,[7],2,11,-0.0
0,98,7,[7],0,7,-0.0
0,98,8,[7],0,8,-0.0
0,98,9,[7],3,19,-0.0
0,98,10,[7],2,5,-0.0
0,98,11,[7],1,1,-0.07500000298023224
0,98,12,[7],0,12,-0.0
0,98,13,[7],4,20,-0.0
0,98,14,[7],3,19,-0.0
0,98,15,[7],4,20,-0.0
0,98,16,[7],4,20,-0.0
0,98,17,[7],4,20,-0.20000000298023224
0,98,18,[7],1,3,-0.0
0,98,19,[7],2,9,-0.0
0,99,0,[7],1,5,-0.0
0,99,1,[7],1,6,-0.0
0,99,2,[7],1,7,-0.0
0,99,3,[7],2,13,-0.05000000074505806
0,99,4,[7],0,4,-0.0
0,99,5,[7],4,20,-0.0
0,99,6,[7],4,20,-1.0
0,99,7,[7],1,2,-1.0
0,99,8,[7],2,13,-1.0
0,99,9,[7],4,20,-0.0
0,99,10,[7],3,15,-0.0
0,99,11,[7],2,6,-0.0
0,99,12,[7],0,12,-0.0
0,99,13,[7],0,13,-0.0
0,99,14,[7],0,14,-1.0
0,99,15,[7],3,10,-0.0
0,99,16,[7],4,20,-0.15000000596046448
0,99,17,[7],4,20,-0.0
0,99,18,[7],3,13,-0.0
0,99,19,[7],1,4,-0.07500000298023224
0,100,0,[7],3,15,-0.0
0,100,1,[7],2,11,-0.0
0,100,2,[7],3,17,-0.0
0,100,3,[7],0,3,-1.0
0,100,4,[7],1,9,-0.0
0,100,5,[7],2,10,-0.0
0,100,6,[7],0,6,-1.100000023841858
0,100,7,[7],1,2,-1.0750000476837158
0,100,8,[7],0,8,-1.0750000476837158
0,100,9,[7],3,19,-1.0
0,100,10,[7],3,15,-1.0
0,100,11,[7],4,20,-0.25
0,100,12,[7],3,17,-0.15000000596046448
0,100,13,[7],4,20,-0.0
0,100,14,[7],0,14,-0.0
0,100,15,[7],3,10,-0.0
0,100,16,[7],4,20,-0.0
0,100,17,[7],2,7,-0.0
0,100,18,[7],4,20,-0.0
0,100,19,[7],0,19,-0.0
0,101,0,[7],2,10,-1.0
0,101,1,[7],2,11,-0.0
0,101,2,[7],1,7,-1.0
0,101,3,[7],0,3,-0.0
0,101,4,[7],1,9,-1.2000000476837158
0,101,5,[7],3,15,-0.22499999403953552
0,101,6,[7],2,11,-1.0
0,101,7,[7],0,7,-0.0
0,101,8,[7],3,18,-0.22499999403953552
0,101,9,[7],4,20,-0.0
0,101,10,[7],4,20,-0.20000000298023224
0,101,11,[7],0,11,-0.0
0,101,12,[7],4,20,-0.07500000298023224
0,101,13,[7],0,13,-1.0
0,101,14,[7],4,20,-1.0499999523162842
0,101,15,[7],4,20,-1.0
0,101,16,[7],4,20,-0.0
0,101,17,[7],3,12,-0.0
0,101,18,[7],4,20,-0.0
0,101,19,[7],1,4,-0.05000000074505806
0,102,0,[7],3,15,-1.0
0,102,1,[7],3,16,-1.0
0,102,2,[7],1,7,-0.0
0,102,3,[7],4,20,-0.0
0,102,4,[7],1,9,-0.20000000298023224
0,102,5,[7],0,5,-0.0
0,102,6,[7],0,6,-1.0
0,102,7,[7],0,7,-0.0
0,102,8,[7],1,3,-0.0
0,102,9,[7],2,14,-0.0
0,102,10,[7],2,5,-0.0
0,102,11,[7],2,6,-0.0
0,102,12,[7],0,12,-0.0
0,102,13,[7],0,13,-0.0
0,102,14,[7],1,4,-0.22499999403953552
0,102,15,[7],2,5,-1.0
0,102,16,[7],3,11,-0.0
0,102,17,[7],1,2,-0.22499999403953552
0,102,18,[7],4,20,-0.0
0,102,19,[7],2,9,-0.20000000298023224
0,103,0,[7],4,20,-0.0
0,103,1,[7],2,11,-0.0
0,103,2,[7],2,12,-1.0
0,103,3,[7],4,20,-0.0
0,103,4,[7],4,20,-0.0
0,103,5,[7],1,0,-0.22499999403953552
0,103,6,[7],4,20,-1.100000023841858
0,103,7,[7],4,20,-0.22499999403953552
0,103,8,[7],3,18,-0.0
0,103,9,[7],1,4,-0.20000000298023224
0,103,10,[7],0,10,-0.0
0,103,11,[7],3,16,-0.0
0,103,12,[7],0,12,-0.0
0,103,13,[7],0,13,-0.0
0,103,14,[7],4,20,-0.0
0,103,15,[7],0,15,-1.0
0,103,16,[7],2,6,-0.0
0,103,17,[7],0,17,-0.0
0,103,18,[7],0,18,-0.0
0,103,19,[7],2,9,-0.0
0,104,0,[7],0,0,-0.0
0,104,1,[7],1,6,-0.0
0,104,2,[7],1,7,-0.0
0,104,3,[7],4,20,-0.15000000596046448
0,104,4,[7],2,14,-0.20000000298023224
0,104,5,[7],1,0,-0.0
0,104,6,[7],1,1,-0.0
0,104,7,[7],3,17,-0.0
0,104,8,[7],2,13,-0.0
0,104,9,[7],4,20,-0.0
0,104,10,[7],3,15,-1.0
0,104,11,[7],0,11,-0.0
0,104,12,[7],4,20,-0.0
0,104,13,[7],2,8,-0.0
0,104,14,[7],3,19,-0.0
0,104,15,[7],2,5,-0.0
0,104,16,[7],4,20,-0.375
0,104,17,[7],0,17,-0.0
0,104,18,[7],2,8,-1.0
0,104,19,[7],2,9,-0.22499999403953552
0,105,0,[7],2,10,-0.0
0,105,1,[7],1,6,-0.0
0,105,2,[7],2,12,-1.0
0,105,3,[7],1,8,-0.0
0,105,4,[7],2,14,-0.0
0,105,5,[7],1,0,-1.0
0,105,6,[7],4,20,-0.0
0,105,7,[7],1,2,-0.0
0,105,8,[7],4,20,-1.0
0,105,9,[7],2,14,-0.0
0,105,10,[7],1,0,-1.0
0,105,11,[7],0,11,-0.20000000298023224
0,105,12,[7],1,2,-0.22499999403953552
0,105,13,[7],4,20,-1.0
0,105,14,[7],4,20,-0.0
0,105,15,[7],1,0,-0.0
0,105,16,[7],2,6,-0.15000000596046448
0,105,17,[7],2,7,-1.0
0,105,18,[7],2,8,-0.0
0,105,19,[7],4,20,-0.0
0,106,0,[7],1,5,-1.0
0,106,1,[7],3,16,-0.20000000298023224
0,106,2,[7],0,2,-1.0
0,106,3,[7],1,8,-0.0
0,106,4,[7],1,9,-0.0
0,106,5,[7],3,15,-1.0
0,106,6,[7],1,1,-0.0
0,106,7,[7],2,12,-0.17499999701976776
0,106,8,[7],4,20,-0.0
0,106,9,[7],0,9,-1.0
0,106,10,[7],2,5,-1.0
0,106,11,[7],3,16,-0.0
0,106,12,[7],3,17,-0.0
0,106,13,[7],2,8,-0.0
0,106,14,[7],0,14,-0.0
0,106,15,[7],0,15,-1.0
0,106,16,[7],3,11,-0.0
0,106,17,[7],1,2,-0.0
0,106,18,[7],1,3,-0.0
0,106,19,[7],1,4,-0.0
0,107,0,[7],2,10,-1.0
0,107,1,[7],0,1,-0.0
0,107,2,[7],0,2,-0.0
0,107,3,[7],2,13,-0.0
0,107,4,[7],2,14,-0.0
0,107,5,[7],3,15,-0.22499999403953552
0,107,6,[7],1,1,-0.0
0,107,7,[7],1,2,-0.0
0,107,8,[7],2,13,-0.0
0,107,9,[7],4,20,-0.0
0,107,10,[7],0,10,-1.0
0,107,11,[7],1,1,-0.0
0,107,12,[7],4,20,-0.0
0,107,13,[7],0,13,-1.0
0,107,14,[7],3,19,-0.0
0,107,15,[7],4,20,-0.0
0,107,16,[7],3,11,-0.0
0,107,17,[7],0,17,-0.0
0,107,18,[7],1,3,-1.0
0,107,19,[7],1,4,-0.0
0,108,0,[7],1,5,-0.0
0,108,1,[7],1,6,-0.0
0,108,2,[7],0,2,-1.0
0,108,3,[7],1,8,-0.0
0,108,4,[7],3,19,-0.0
0,108,5,[7],2,10,-0.0
0,108,6,[7],1,1,-0.0
0,108,7,[7],0,7,-0.0
0,108,8,[7],2,13,-0.0
0,108,9,[7],3,19,-1.0
0,108,10,[7],0,10,-1.0
0,108,11,[7],1,1,-1.0
0,108,12,[7],2,7,-0.0
0,108,13,[7],3,18,-0.0
0,108,14,[7],4,20,-0.0
0,108,15,[7],4,20,-0.0
0,108,16,[7],1,1,-0.0
0,108,17,[7],0,17,-0.0
0,108,18,[7],3,13,-1.0
0,108,19,[7],1,4,-1.0
0,109,0,[7],4,20,-0.0
0,109,1,[7],0,1,-0.0
0,109,2,[7],2,12,-0.0
0,109,3,[7],2,13,-0.0
0,109,4,[7],4,20,-0.0
0,109,5,[7],2,10,-0.0
0,109,6,[7],0,6,-0.0
0,109,7,[7],3,17,-0.0
0,109,8,[7],2,13,-0.0
0,109,9,[7],3,19,-1.0
0,109,10,[7],2,5,-1.0
0,109,11,[7],1,1,-0.0
0,109,12,[7],1,2,-1.0
0,109,13,[7],4,20,-1.0
0,109,14,[7],0,14,-0.0
0,109,15,[7],4,20,-0.0
0,109,16,[7],1,1,-0.0
0,109,17,[7],4,20,-1.0
0,109,18,[7],0,18,-1.0
0,109,19,[7],1,4,-0.0
0,110,0,[7],3,15,-0.0
0,110,1,[7],3,16,-0.0
0,110,2,[7],1,7,-0.0
0,110,3,[7],2,13,-0.0
0,110,4,[7],3,19,-0.0
0,110,5,[7],3,15,-0.0
0,110,6,[7],0,6,-0.0
0,110,7,[7],4,20,-0.0
0,110,8,[7],3,18,-0.0
0,110,9,[7],2,14,-0.0
0,110,10,[7],0,10,-0.0
0,110,11,[7],0,11,-0.0
0,110,12,[7],4,20,-0.0
0,110,13,[7],0,13,-0.0
0,110,14,[7],1,4,-0.0
0,110,15,[7],1,0,-0.0
0,110,16,[7],1,1,-0.0
0,110,17,[7],4,20,-0.0
0,110,18,[7],0,18,-0.0
0,110,19,[7],4,20,-0.0
0,111,0,[7],0,0,-0.0
0,111,1,[7],2,11,-0.0
0,111,2,[7],4,20,-0.0
0,111,3,[7],3,18,-0.0
0,111,4,[7],4,20,-0.0
0,111,5,[7],2,10,-0.0
0,111,6,[7],4,20,-0.0
0,111,7,[7],0,7,-0.0
0,111,8,[7],0,8,-0.0
0,111,9,[7],2,14,-0.0
0,111,10,[7],1,0,-0.0
0,111,11,[7],1,1,-0.0
0,111,12,[7],2,7,-0.0
0,111,13,[7],2,8,-0.0
0,111,14,[7],2,9,-0.0
0,111,15,[7],4,20,-0.0
0,111,16,[7],3,11,-0.0
0,111,17,[7],3,12,-0.0
0,111,18,[7],3,13,-0.0
0,111,19,[7],2,9,-0.0
